,dataset,isClassification,k,method,accuracy,precision,recall,RMSE
0,abalone,True,3,E-NN,0.2488038277555667,0.248803827799272,0.015527022997724368,0
1,abalone,True,3,C-NN,0.20956937799548378,0.20977011499812834,0.012467266315467752,0
2,abalone,True,3,Kmeans,0.2038277512013253,0.20382775125285593,0.012044105179394467,0
3,abalone,True,3,PAM,0.21722488038769508,0.2178502879620249,0.013039981623241726,0
