,dataset,isClassification,k,method,accuracy,precision,recall,RMSE
0,car,True,3,E-NN,0.8703703702846364,0.8703703701989025,0.6911764705179498,0
1,car,True,3,C-NN,0.717592592542224,0.7175925924918554,0.4585798816690592,0
2,car,True,3,Kmeans,0.8865740739845892,0.8865740738951046,0.7226415093499466,0
3,car,True,3,PAM,0.8935185184274261,0.893518518336334,0.7366412212837248,0
