,dataset,isClassification,k,method,accuracy,precision,recall,RMSE
0,segmentation,True,3,E-NN,0.754716980857448,0.7547169801708793,0.33898305112036775,0
1,segmentation,True,3,C-NN,0.41509433971418397,0.41509433994304024,0.10576923114829882,0
2,segmentation,True,3,Kmeans,0.6415094338096934,0.6415094334282663,0.22972973009495984,0
3,segmentation,True,3,PAM,0.7358490563494889,0.7358490557137771,0.31707317102914934,0
